{
  "wind_speed": 2.0,
  "wind_dir_deg": 45.0,
  "tau_half": 40.0,
  "theta": 0.010454963969010099,
  "cov_lm": 0.4125798525798526,
  "uni_lm": 0.3866167076212528,
  "over_lm": 0.002764677853632174,
  "energy_lm": 17976.733878144754
}